[
  {
    "ParentId": null,
    "Id": "401f84d3-5a77-4b30-92c4-9c723ed2934",
    "Text": "Demo",
    "Url": "/demo"
  },
  {
    "ParentId": null,
    "Id": "301f84d3-5a77-4b30-92c4-9c723ed2934",
    "Text": "外部页面",
    "Url": "https://www.baidu.com/"
  },
  {
    "ParentId": null,
    "Id": "301f84d3-5a77-4b30-92c4-9c723ed2933",
    "Text": "静态页面",
    "Url": "@StaticPage/pages/test.html"
  },
  {
    "ParentId": null,
    "Id": "301f84d3-5a77-4b30-92c4-9c723ed2937",
    "Text": "动态页面",
    "Url": "@StaticPage/_CodeGen/Index?ui=react"
  },
  {
    "ParentId": null,
    "Id": "301f84d3-5a77-4b30-92c4-9c723ed2935a",
    "Text": "系统管理",
    "Url": null
  },
  {
    "ParentId": "301f84d3-5a77-4b30-92c4-9c723ed2935a",
    "Id": "8b982671-cf11-4be8-b745-8903bd1df431",
    "Text": "日志管理",
    "Url": "/_actionlog"
  },
  {
    "ParentId": "301f84d3-5a77-4b30-92c4-9c723ed2935a",
    "Id": "5adde7b6-0a8c-4935-8161-23c7d0e6f30d",
    "Text": "用户组管理",
    "Url": "/_frameworkgroup"
  },
  {
    "ParentId": "301f84d3-5a77-4b30-92c4-9c723ed2935a",
    "Id": "84e4696f-2171-49ef-bd79-eea0b40e88a0",
    "Text": "角色管理",
    "Url": "/_frameworkrole"
  },
  {
    "ParentId": "301f84d3-5a77-4b30-92c4-9c723ed2935a",
    "Id": "dffcd504-1246-4a4f-9f96-4ff93403d64a",
    "Text": "用户管理",
    "Url": "/_frameworkuser"
  },
  {
    "ParentId": "301f84d3-5a77-4b30-92c4-9c723ed2935a",
    "Id": "77c21b96-f6aa-41b1-bace-ce94c1ce8b61",
    "Text": "数据权限",
    "Url": "/_dataprivilege"
  },
  {
    "ParentId": "301f84d3-5a77-4b30-92c4-9c723ed2935a",
    "Id": "a975f408-043e-41d6-bbb5-a403ed234acd",
    "Text": "菜单管理",
    "Url": "/_frameworkmenu"
  },
  {
    "ParentId": "301f84d3-5a77-4b30-92c4-9c723ed2935a",
    "Id": "a975f408-043e-41d6-bbb5",
    "Text": "三级",
    "Url": "/_test"
  },
  {
    "ParentId": "a975f408-043e-41d6-bbb5",
    "Id": "a975f408-043e-41d6-bbb5-2",
    "Text": "三级测试",
    "Url": "/_test2"
  },
  {
    "ParentId": "a975f408-043e-41d6-bbb5",
    "Id": "a975f408-043e-41d6-bbb5-3",
    "Text": "四级",
    "Url": "/_test"
  },
  {
    "ParentId": "a975f408-043e-41d6-bbb5-3",
    "Id": "a975f408-043e-41d6-bbb5-33",
    "Text": "四级测试",
    "Url": "/_test3"
  }
]
